City_ID,City,Country,Lat,Lng,Max Temp,Humidity,Cloudiness,Wind Speed,Current Description
0,Bluff,NZ,-46.6,168.3333,55.53,68,96,27.02,overcast clouds
1,San Julian,MX,21.0167,-102.1667,68.02,47,68,7.14,broken clouds
2,Upernavik,GL,72.7868,-56.1549,29.95,97,100,16.11,snow
3,Souillac,MU,-20.5167,57.5167,71.98,83,40,3.44,scattered clouds
4,Garissa,KE,-0.4536,39.6401,79.18,71,74,13.31,broken clouds
5,Beringovskiy,RU,63.05,179.3167,6.76,91,98,12.88,overcast clouds
6,Rezekne,LV,56.5,27.3167,43.92,84,21,8.34,few clouds
7,Mataura,NZ,-46.1927,168.8643,58.48,44,75,8.48,broken clouds
8,Vaini,TO,-21.2,-175.2,78.96,83,40,9.22,light rain
9,Nikolskoye,RU,59.7035,30.7861,48.02,85,100,7.56,overcast clouds
10,Cape Town,ZA,-33.9258,18.4232,65.08,73,40,1.99,scattered clouds
11,Jamestown,US,42.097,-79.2353,54.72,78,90,13.0,overcast clouds
12,Alice Springs,AU,-23.7,133.8833,62.15,82,75,4.61,broken clouds
13,Chapais,CA,49.7834,-74.8492,42.58,98,100,3.15,overcast clouds
14,Nanortalik,GL,60.1432,-45.2371,34.02,75,60,11.3,broken clouds
15,Rikitea,PF,-23.1203,-134.9692,73.22,86,73,14.99,light rain
16,Khatanga,RU,71.9667,102.5,5.72,96,100,11.12,light snow
17,Tuktoyaktuk,CA,69.4541,-133.0374,28.4,80,75,8.05,broken clouds
18,Karratha,AU,-20.7377,116.8463,71.98,64,0,6.22,clear sky
19,Asfi,MA,32.2994,-9.2372,66.34,86,21,8.55,few clouds
20,Narsaq,GL,60.9167,-46.05,26.82,68,69,7.11,broken clouds
21,Mukhen,RU,48.1,136.1,28.98,64,0,0.72,clear sky
22,Punta Arenas,CL,-53.15,-70.9167,51.91,58,0,18.41,clear sky
23,Oinoi,GR,38.3235,23.6101,57.52,91,40,3.44,scattered clouds
24,Hofn,IS,64.2539,-15.2082,39.47,59,100,22.57,overcast clouds
25,Butaritari,KI,3.0707,172.7902,81.54,77,35,9.69,light rain
26,Busselton,AU,-33.65,115.3333,53.1,63,93,18.37,overcast clouds
27,Galesong,ID,-5.3166,119.3661,75.22,79,95,4.38,overcast clouds
28,Ixtapa,MX,20.7,-105.2,85.23,78,6,5.99,clear sky
29,San Patricio,US,28.017,-97.5169,86.09,40,0,13.09,clear sky
30,Elk Plain,US,47.0532,-122.3976,62.49,46,1,1.01,clear sky
31,Mount Isa,AU,-20.7333,139.5,78.57,24,13,5.75,light rain
32,King City,US,36.2127,-121.126,71.78,37,100,0.18,overcast clouds
33,Saint-Vallier,FR,46.6411,4.3711,57.49,94,97,7.25,light rain
34,Atuona,PF,-9.8,-139.0333,78.73,75,4,19.86,clear sky
35,Hermanus,ZA,-34.4187,19.2345,61.9,85,100,11.56,overcast clouds
36,Keti Bandar,PK,24.1447,67.4497,77.83,69,2,10.02,clear sky
37,Georgetown,MY,5.4112,100.3354,77.9,92,20,3.44,few clouds
38,Thinadhoo,MV,0.5333,72.9333,82.54,76,99,20.07,overcast clouds
39,Qaanaaq,GL,77.484,-69.3632,12.4,69,100,8.86,overcast clouds
40,Barrow,US,71.2906,-156.7887,28.42,86,90,23.02,mist
41,Gitarama,RW,-2.0744,29.7567,65.66,92,100,1.92,overcast clouds
42,Ponerihouen,NC,-21.0833,165.4,78.49,47,16,2.91,few clouds
43,Am Timan,TD,11.0297,20.2827,79.03,31,72,3.6,broken clouds
44,Ostrovnoy,RU,68.0531,39.5131,36.12,80,98,10.42,overcast clouds
45,Sao Filipe,CV,14.8961,-24.4956,79.74,75,96,8.16,overcast clouds
46,New Norfolk,AU,-42.7826,147.0587,56.91,55,100,8.01,overcast clouds
47,Saint-Joseph,RE,-21.3667,55.6167,68.38,84,17,9.91,few clouds
48,Cherskiy,RU,68.75,161.3,-2.13,99,100,5.35,overcast clouds
49,Hirara,JP,24.8,125.2833,71.46,83,40,4.61,scattered clouds
50,Anadyr,RU,64.75,177.4833,-7.01,83,0,13.42,clear sky
51,Batangafo,CF,7.3008,18.2833,75.74,66,77,1.3,broken clouds
52,Ayan,RU,56.45,138.1667,21.36,48,4,5.3,clear sky
53,Kampot,KH,10.6167,104.1833,78.85,92,80,3.51,broken clouds
54,Ossora,RU,59.2353,163.0719,8.02,78,100,11.61,overcast clouds
55,Bethel,US,41.3712,-73.414,61.11,83,90,1.01,overcast clouds
56,Nabire,ID,-3.3667,135.4833,76.84,90,86,1.9,overcast clouds
57,Longyearbyen,SJ,78.2186,15.6401,33.64,69,40,19.57,scattered clouds
58,Burnie,AU,-41.0667,145.9167,56.21,59,92,9.46,overcast clouds
59,Chake Chake,TZ,-5.2459,39.7666,76.69,88,11,8.14,few clouds
60,Poltava,UA,49.5937,34.5407,40.96,69,0,6.58,clear sky
61,Hobart,AU,-42.8794,147.3294,57.25,62,75,3.0,broken clouds
62,Changtu,CN,42.7788,124.0955,34.39,45,61,4.43,broken clouds
63,Kloulklubed,PW,7.0419,134.2556,77.5,70,99,4.36,overcast clouds
64,Iberia,US,29.9502,-91.7507,78.06,36,1,0.0,clear sky
65,Nishihara,JP,26.1842,127.7558,70.88,83,40,3.44,scattered clouds
66,Bathsheba,BB,13.2167,-59.5167,75.81,88,75,8.05,broken clouds
67,Boulder,US,40.0833,-105.3505,42.48,68,90,1.99,overcast clouds
68,Price,US,39.5994,-110.8107,64.72,39,1,6.91,clear sky
69,Chokurdakh,RU,70.6333,147.9167,-10.52,99,99,5.93,overcast clouds
70,Claremore,US,36.3126,-95.6161,64.49,52,1,7.0,clear sky
71,Kapaa,US,22.0752,-159.319,82.38,74,1,1.01,clear sky
72,Hami,CN,42.8,93.45,48.34,48,100,2.39,overcast clouds
73,Alyangula,AU,-13.8483,136.4192,84.11,70,62,7.2,broken clouds
74,Balkanabat,TM,39.5108,54.3671,57.72,50,57,9.71,broken clouds
75,Klaksvik,FO,62.2266,-6.589,41.92,64,100,1.19,overcast clouds
76,Ponta Do Sol,PT,32.6667,-17.1,74.03,80,58,6.15,broken clouds
77,Yellowknife,CA,62.456,-114.3525,33.42,95,75,11.5,broken clouds
78,Lebu,CL,-37.6167,-73.65,56.19,80,93,8.37,overcast clouds
79,Sorong,ID,-0.8833,131.25,79.38,84,100,6.06,overcast clouds
80,Kruisfontein,ZA,-34.0033,24.7314,60.89,71,74,5.01,broken clouds
81,Acapulco,MX,16.8634,-99.8901,84.02,74,75,4.61,broken clouds
82,Albany,US,42.6001,-73.9662,57.22,78,99,1.99,overcast clouds
83,Pudozh,RU,61.8099,36.5345,41.18,97,100,4.94,overcast clouds
84,Tshikapa,CD,-6.4167,20.8,71.47,87,77,2.21,broken clouds
85,Norman Wells,CA,65.282,-126.8329,23.04,93,75,6.91,broken clouds
86,Araouane,ML,18.9048,-3.5265,86.83,17,97,10.89,overcast clouds
87,Port Alfred,ZA,-33.5906,26.891,66.43,83,79,15.39,broken clouds
88,Mount Gambier,AU,-37.8333,140.7667,54.18,70,7,3.69,clear sky
89,Conceicao Do Araguaia,BR,-8.2578,-49.2647,76.39,80,86,1.1,overcast clouds
90,Iqaluit,CA,63.7506,-68.5145,33.53,80,75,5.01,light snow
91,Ballina,AU,-28.8667,153.5667,68.77,71,100,6.49,overcast clouds
92,Bredasdorp,ZA,-34.5322,20.0403,56.28,74,100,10.42,overcast clouds
93,Okakarara,NA,-20.5833,17.4333,69.75,15,10,10.42,clear sky
94,East London,ZA,-33.0153,27.9116,65.8,82,70,12.64,broken clouds
95,Constitucion,CL,-35.3333,-72.4167,56.37,81,93,3.13,overcast clouds
96,Salalah,OM,17.0151,54.0924,73.49,56,0,2.3,clear sky
97,Dingle,PH,10.9995,122.6711,75.04,91,95,7.58,overcast clouds
98,Saskylakh,RU,71.9167,114.0833,9.01,96,98,6.06,overcast clouds
99,Kirensk,RU,57.7853,108.1119,32.47,90,100,3.69,overcast clouds
100,Sola,VU,-13.8833,167.55,80.64,74,20,14.38,few clouds
101,Almeirim,BR,-1.5233,-52.5817,84.09,62,79,4.36,broken clouds
102,Hithadhoo,MV,-0.6,73.0833,82.31,76,100,18.54,overcast clouds
103,Vanavara,RU,60.34,102.2797,22.95,70,100,4.65,overcast clouds
104,Kununurra,AU,-15.7667,128.7333,78.78,78,25,5.75,scattered clouds
105,Athabasca,CA,54.7169,-113.2854,42.49,30,0,2.86,clear sky
106,Karasjok,NO,69.4719,25.5112,24.91,97,100,3.85,overcast clouds
107,Cleethorpes,GB,53.5605,-0.0323,50.99,71,66,26.46,broken clouds
108,Ushuaia,AR,-54.8,-68.3,53.26,54,0,9.22,clear sky
109,Launceston,AU,-41.45,147.1667,57.61,73,27,5.99,scattered clouds
110,Avarua,CK,-21.2078,-159.775,77.05,69,40,19.57,light rain
111,Bilma,NE,18.6853,12.9164,80.26,22,1,9.98,clear sky
112,Cidreira,BR,-30.1811,-50.2056,68.14,87,7,21.63,clear sky
113,Samarai,PG,-10.6167,150.6667,83.26,78,94,15.77,overcast clouds
114,Mumbwa,ZM,-14.9783,27.0619,74.77,41,44,4.92,scattered clouds
115,Ginir,ET,7.1333,40.7,58.66,66,70,6.71,broken clouds
116,Ihosy,MG,-22.4,46.1167,66.2,89,70,1.77,broken clouds
117,Severnoye,RU,56.3491,78.3619,17.89,94,74,5.91,broken clouds
118,Dicabisagan,PH,17.0818,122.4157,76.87,86,66,6.89,broken clouds
119,Portland,US,45.5234,-122.6762,65.21,40,20,1.99,few clouds
120,Mykolayiv,UA,46.9659,31.9974,43.99,87,0,6.46,clear sky
121,Broome,US,42.2506,-75.833,55.89,81,90,1.01,overcast clouds
122,Yurimaguas,PE,-5.9,-76.0833,91.56,51,40,3.44,scattered clouds
123,Turan,VN,16.0678,108.2208,76.98,94,40,0.0,scattered clouds
124,Fayetteville,US,35.0527,-78.8784,70.25,57,1,1.99,clear sky
125,Castro,BR,-24.7911,-50.0119,59.22,98,97,5.48,overcast clouds
126,Bengkulu,ID,-3.8004,102.2655,76.17,88,100,4.38,overcast clouds
127,Hualmay,PE,-11.0964,-77.6139,66.69,76,10,10.0,clear sky
128,Damaturu,NG,11.747,11.9608,81.21,20,63,7.36,broken clouds
129,Diffa,NE,13.3154,12.6113,84.45,17,35,10.13,scattered clouds
130,Chuy,UY,-33.6971,-53.4616,65.61,94,38,8.57,scattered clouds
131,Carnarvon,AU,-24.8667,113.6333,66.27,72,75,18.41,broken clouds
132,Port Elizabeth,ZA,-33.918,25.5701,63.1,94,0,5.75,clear sky
133,Muli,MV,2.9167,73.5667,82.58,77,40,20.2,scattered clouds
134,Ribeira Grande,PT,38.5167,-28.7,70.81,90,100,8.48,overcast clouds
135,Mar Del Plata,AR,-38.0023,-57.5575,56.08,86,90,4.0,light intensity shower rain
136,Malakal,SS,9.5334,31.6605,79.21,59,50,2.75,scattered clouds
137,Mach,PK,29.8637,67.3298,62.4,26,0,11.34,clear sky
138,Roebourne,AU,-20.7833,117.1333,71.28,66,0,5.32,clear sky
139,Lewistown,US,40.5992,-77.5714,57.42,78,1,5.75,clear sky
140,Cayenne,GF,4.9333,-52.3333,82.44,83,96,8.01,overcast clouds
141,Ipu,BR,-4.3222,-40.7108,81.73,62,61,3.56,moderate rain
142,Nuuk,GL,64.1835,-51.7216,36.21,93,90,20.71,light snow
143,Humpolec,CZ,49.5415,15.3593,48.56,83,19,19.15,few clouds
144,Matara,LK,5.9485,80.5353,77.04,89,91,4.88,overcast clouds
145,San Policarpo,PH,12.1791,125.5072,80.4,82,80,13.89,broken clouds
146,Plouzane,FR,48.3833,-4.6167,53.65,76,20,11.5,few clouds
147,Provideniya,RU,64.3833,-173.3,21.31,58,0,15.66,clear sky
148,Le Port,RE,-20.9373,55.2919,69.8,81,3,2.64,clear sky
149,Port Moresby,PG,-9.4431,147.1797,83.62,79,20,9.22,haze
150,Arraial Do Cabo,BR,-22.9661,-42.0278,70.81,93,100,20.07,moderate rain
151,Yar-Sale,RU,66.8333,70.8333,0.66,94,64,4.14,broken clouds
152,Siavonga,ZM,-16.5382,28.7088,82.63,43,2,3.87,clear sky
153,Sitka,US,57.0531,-135.33,53.49,37,75,11.5,broken clouds
154,Kuching,MY,1.55,110.3333,75.42,100,20,0.0,few clouds
155,Geraldton,AU,-28.7667,114.6,63.12,77,75,8.05,broken clouds
156,Lagoa,PT,39.05,-27.9833,69.19,89,100,3.96,overcast clouds
157,Sinnamary,GF,5.3833,-52.95,78.31,85,68,8.23,broken clouds
158,Clyde River,CA,70.4692,-68.5914,16.36,86,100,6.85,overcast clouds
159,Pevek,RU,69.7008,170.3133,-0.09,96,100,4.94,light snow
160,Sanchursk,RU,56.9413,47.2499,40.51,90,46,8.77,scattered clouds
161,Marawi,PH,7.9986,124.2928,64.65,96,89,1.45,overcast clouds
162,Labuhan,ID,-6.8844,112.2051,80.51,78,100,3.13,overcast clouds
163,Gat,IL,31.61,34.7642,83.08,37,62,15.48,broken clouds
164,Mabay,PH,6.0577,124.4666,77.25,82,70,4.83,broken clouds
165,Utiel,ES,39.5667,-1.2,68.22,85,100,24.83,overcast clouds
166,West Bay,KY,19.3667,-81.4167,81.07,76,75,1.99,broken clouds
167,Sokoni,TZ,-6.4333,39.55,79.66,79,36,11.21,scattered clouds
168,Nieuwpoort,BE,51.1244,2.7735,51.03,87,20,11.5,few clouds
169,Bridlington,GB,54.0831,-0.1919,50.9,80,79,34.36,broken clouds
170,Outjo,NA,-20.1167,16.15,67.64,18,28,11.12,scattered clouds
171,Wicklow,IE,53.0,-6.4167,42.58,95,100,24.99,overcast clouds
172,Emerald,AU,-23.5333,148.1667,73.35,61,86,18.5,overcast clouds
173,Puerto Ayora,EC,-0.7393,-90.3518,78.76,81,39,8.75,scattered clouds
174,Winchester,GB,51.0651,-1.3187,52.0,73,20,7.0,few clouds
175,Santa Maria,BR,-29.6842,-53.8069,69.42,88,59,5.44,broken clouds
176,Thompson,CA,55.7435,-97.8558,32.16,80,75,9.22,light shower snow
177,Vila,PT,42.0304,-8.1588,50.32,95,100,4.36,light rain
178,Puerto Madryn,AR,-42.7692,-65.0385,50.58,65,94,13.33,overcast clouds
179,Naberera,TZ,-4.2,36.9333,65.25,80,12,9.24,few clouds
180,Sandnessjoen,NO,66.0217,12.6316,48.18,93,40,11.5,scattered clouds
181,Lorengau,PG,-2.0226,147.2712,81.05,82,100,13.29,overcast clouds
182,Lensk,RU,60.7253,114.9278,20.79,95,95,3.27,overcast clouds
183,Brae,GB,60.3964,-1.353,48.11,89,100,22.46,overcast clouds
184,Aklavik,CA,68.2191,-135.0107,36.32,84,100,12.68,overcast clouds
185,Torbay,CA,47.6666,-52.7314,44.58,96,90,13.8,mist
186,Margate,GB,51.3813,1.3862,53.04,77,0,8.01,light rain
187,Lavrentiya,RU,65.5833,-171.0,13.06,81,5,12.06,clear sky
188,Saint-Philippe,RE,-21.3585,55.7679,69.39,84,36,10.22,scattered clouds
189,Haines Junction,CA,60.7522,-137.5108,44.55,36,97,3.44,overcast clouds
190,Laguna,US,38.421,-121.4238,70.05,60,1,3.0,clear sky
191,Fare,PF,-16.7,-151.0167,78.37,74,97,15.17,light rain
192,Mwingi,KE,-0.9344,38.0601,70.84,67,81,3.62,broken clouds
193,Benguela,AO,-12.5763,13.4055,73.31,78,52,4.43,broken clouds
194,Namibe,AO,-15.1961,12.1522,66.72,68,57,8.43,broken clouds
195,Adrar,MR,20.5022,-10.0711,85.75,14,98,7.99,overcast clouds
196,Kaitangata,NZ,-46.2817,169.8464,57.06,46,77,8.43,broken clouds
197,Morondava,MG,-20.2833,44.2833,71.87,84,33,5.97,scattered clouds
198,Royan,FR,45.6285,-1.0281,58.98,71,48,15.3,scattered clouds
199,Naze,JP,28.3667,129.4833,67.12,80,96,14.9,overcast clouds
200,Estacion Coahuila,MX,32.1939,-115.0017,90.97,19,4,2.84,clear sky
201,Aitape,PG,-3.1374,142.3475,80.02,82,100,3.44,moderate rain
202,Leningradskiy,RU,69.3833,178.4167,-1.28,88,99,11.63,overcast clouds
203,Kavieng,PG,-2.5744,150.7967,84.76,71,95,17.27,light rain
204,Olafsvik,IS,64.8945,-23.7142,35.04,70,37,17.38,scattered clouds
205,Pasighat,IN,28.0667,95.3333,65.8,65,26,3.6,scattered clouds
206,Port Antonio,JM,18.18,-76.4612,84.11,82,27,9.89,scattered clouds
207,Ville-Marie,CA,47.3335,-79.433,50.0,68,40,5.66,scattered clouds
208,Poum,NC,-20.2333,164.0167,75.56,66,30,15.84,scattered clouds
209,Severo-Kurilsk,RU,50.6789,156.125,34.11,64,99,27.25,light rain
210,Kodiak,US,57.79,-152.4072,45.91,87,90,16.11,light rain
211,Tiksi,RU,71.6872,128.8694,16.38,79,100,12.46,overcast clouds
212,Barentu,ER,15.1139,37.5928,77.81,40,27,6.69,scattered clouds
213,Dikson,RU,73.5069,80.5464,6.53,93,100,11.83,overcast clouds
214,Cabo San Lucas,MX,22.8909,-109.9124,86.61,67,75,1.01,broken clouds
215,Gao,ML,16.6362,1.637,84.99,14,76,10.63,broken clouds
216,Kidal,ML,18.4411,1.4078,85.6,13,87,10.36,overcast clouds
217,Alta Floresta,BR,-9.8756,-56.0861,75.69,84,96,2.48,overcast clouds
218,Port Hardy,CA,50.6996,-127.4199,51.98,50,1,13.8,clear sky
219,Vaitape,PF,-16.5167,-151.75,78.73,71,99,15.52,overcast clouds
220,Ankara,TR,39.9199,32.8543,50.2,92,75,0.0,mist
221,Umm Lajj,SA,25.0213,37.2685,84.94,51,99,4.99,overcast clouds
222,Lincoln,US,40.8,-96.667,49.44,46,90,1.01,overcast clouds
223,Rafraf,TN,37.1904,10.1837,70.12,78,82,15.52,broken clouds
224,Mana,GF,5.6592,-53.7767,78.78,83,57,8.16,broken clouds
225,Ilulissat,GL,69.2167,-51.1,33.82,86,75,14.97,light shower snow
226,Makarov,RU,48.6333,142.8,29.97,74,14,6.11,few clouds
227,Tiarei,PF,-17.5333,-149.3333,82.42,73,63,14.23,broken clouds
228,Prainha,BR,-1.8,-53.48,82.24,66,81,2.1,broken clouds
229,Talnakh,RU,69.4865,88.3972,-11.51,99,88,5.93,overcast clouds
230,Mahebourg,MU,-20.4081,57.7,71.89,83,40,3.44,scattered clouds
231,Hilo,US,19.7297,-155.09,81.25,72,20,11.5,few clouds
232,Eagle Pass,US,28.7091,-100.4995,89.24,32,0,14.29,clear sky
233,Omboue,GA,-1.5746,9.2618,75.97,91,100,6.55,light rain
234,Ahipara,NZ,-35.1667,173.1667,60.67,67,68,12.17,broken clouds
235,Manaus,BR,-3.1019,-60.025,88.3,66,40,6.91,scattered clouds
236,Kajaani,FI,64.2273,27.7285,42.85,93,90,5.75,overcast clouds
237,Sarkand,KZ,45.41,79.9186,40.89,67,100,2.8,overcast clouds
238,Sisophon,KH,13.5859,102.9737,75.25,94,92,3.67,overcast clouds
239,Maba,CN,24.6841,113.5984,63.23,97,100,2.08,light rain
240,Deputatskiy,RU,69.3,139.9,-9.11,82,100,2.24,overcast clouds
241,Solnechnyy,RU,50.7214,136.6319,23.86,67,1,2.75,clear sky
242,Leh,IN,34.1667,77.5833,24.82,55,99,1.88,overcast clouds
243,Inhambane,MZ,-23.865,35.3833,70.0,81,29,3.15,scattered clouds
244,Veraval,IN,20.9,70.3667,75.9,42,17,7.11,few clouds
245,Airai,TL,-8.9266,125.4092,61.77,76,76,1.61,broken clouds
246,Krasnoznamensk,RU,55.5994,37.0386,40.69,87,23,11.18,few clouds
247,Nouadhibou,MR,20.931,-17.0347,69.78,83,4,8.05,clear sky
248,Pisco,PE,-13.7,-76.2167,66.25,72,0,21.85,clear sky
249,Forestville,US,38.8451,-76.875,62.65,65,75,14.97,broken clouds
250,Balabac,PH,7.9868,117.0645,82.4,79,100,17.6,overcast clouds
251,Korla,CN,41.7597,86.1469,47.08,27,9,5.84,clear sky
252,Kang,BW,-23.6752,22.7876,75.04,21,0,7.58,clear sky
253,Katsuura,JP,35.1333,140.3,61.2,86,89,6.89,overcast clouds
254,Ferme-Neuve,CA,46.7001,-75.4493,49.78,96,100,8.41,overcast clouds
255,Saurimo,AO,-9.6608,20.3916,64.02,89,95,2.98,overcast clouds
256,Westport,US,41.1415,-73.3579,62.98,73,90,1.99,overcast clouds
257,Aripuana,BR,-9.1667,-60.6333,79.77,74,99,1.74,overcast clouds
258,Grindavik,IS,63.8424,-22.4338,35.55,86,75,23.02,broken clouds
259,Juan Aldama,MX,24.2908,-103.3944,73.96,22,21,5.95,few clouds
260,Port Blair,IN,11.6667,92.75,79.86,82,83,1.59,broken clouds
261,Tabuk,PH,17.4189,121.4443,70.32,89,29,3.06,scattered clouds
262,Te Anau,NZ,-45.4167,167.7167,53.67,65,74,6.58,broken clouds
263,Belgaum,IN,15.8667,74.5,72.18,80,100,4.72,overcast clouds
264,Kenai,US,60.5544,-151.2583,45.14,77,75,9.22,broken clouds
265,Shar,KZ,49.5886,81.0453,32.25,71,99,8.43,overcast clouds
266,Vasto,IT,42.1243,14.7059,57.56,86,95,2.62,overcast clouds
267,Adre,TD,13.4667,22.2,83.7,20,82,14.9,broken clouds
268,Ha Giang,VN,22.8333,104.9833,69.75,99,100,1.14,overcast clouds
269,Cantagallo,CO,7.376,-73.9196,80.19,85,81,2.55,broken clouds
270,Lata,PT,40.1629,-8.3327,64.92,98,100,6.17,overcast clouds
271,Petropavlovsk-Kamchatskiy,RU,53.0452,158.6483,25.39,68,40,4.47,scattered clouds
272,Dori,BF,14.0354,-0.0345,89.24,13,76,9.55,broken clouds
273,Hay River,CA,60.8156,-115.7999,39.18,52,40,8.05,scattered clouds
274,Basco,PH,20.4487,121.9702,81.03,69,100,20.92,overcast clouds
275,Tasiilaq,GL,65.6145,-37.6368,24.96,59,62,5.59,broken clouds
276,Pochutla,MX,15.7432,-96.4661,85.82,72,77,3.42,broken clouds
277,Bandarbeyla,SO,9.4942,50.8122,78.46,78,30,12.66,scattered clouds
278,Ambon,ID,-3.6954,128.1814,75.34,94,20,6.91,few clouds
279,Nome,US,64.5011,-165.4064,23.07,75,1,8.05,clear sky
280,Bandiagara,ML,14.3501,-3.6104,89.83,16,58,7.36,broken clouds
281,Lompoc,US,34.6391,-120.4579,72.01,62,1,14.97,clear sky
282,Coquimbo,CL,-29.9533,-71.3436,60.53,72,75,11.5,broken clouds
283,Kahului,US,20.8947,-156.47,84.97,63,20,13.8,few clouds
284,Joshimath,IN,30.5667,79.5667,49.23,39,0,5.01,clear sky
285,Poya,NC,-21.35,165.15,77.5,54,4,5.77,clear sky
286,Harbour Breton,CA,47.4833,-55.7983,46.99,89,100,14.58,overcast clouds
287,Murray Bridge,AU,-35.1167,139.2667,72.48,32,14,8.23,few clouds
288,Kushnarenkovo,RU,55.105,55.3508,46.33,90,74,9.04,broken clouds
289,Nakhon Thai,TH,17.1006,100.8374,72.64,97,100,1.97,overcast clouds
290,Saldanha,ZA,-33.0117,17.9442,60.85,82,98,9.22,light rain
291,Saint-Augustin,CA,51.226,-58.6502,45.01,67,97,5.21,overcast clouds
292,Codrington,AU,-38.2667,141.9667,53.2,80,8,4.68,clear sky
293,Homer,US,59.6425,-151.5483,49.77,71,75,9.22,light rain
294,Kayes,ML,14.0,-11.0,86.58,39,68,4.7,broken clouds
295,Odweyne,SO,9.4092,45.064,73.94,57,98,5.99,overcast clouds
296,Anchorage,US,61.2181,-149.9003,45.86,74,20,8.99,few clouds
297,Quelimane,MZ,-17.8786,36.8883,78.75,83,20,8.05,few clouds
298,Saint-Pierre,RE,-21.3393,55.4781,69.48,75,0,4.61,clear sky
299,Flagstaff,US,35.1981,-111.6513,67.14,34,1,8.99,clear sky
300,Kurilsk,RU,45.2333,147.8833,45.64,90,84,14.43,broken clouds
301,Moron,AR,-34.6534,-58.6198,67.69,79,93,7.0,light rain
302,Eureka,US,40.8021,-124.1637,67.68,65,75,7.0,broken clouds
303,Banikoara,BJ,11.2985,2.4386,78.84,28,91,4.23,overcast clouds
304,Rumburk,CZ,50.9515,14.557,52.92,71,13,18.59,few clouds
305,Itarema,BR,-2.9248,-39.9167,80.33,78,38,12.57,scattered clouds
306,Palmer,US,42.1584,-72.3287,60.85,79,75,8.05,broken clouds
307,Kodinsk,RU,58.6881,99.1844,29.91,97,100,5.19,overcast clouds
308,Mahibadhoo,MV,3.7833,72.9667,82.94,75,25,20.15,scattered clouds
309,Bila,BA,43.7825,16.9253,45.34,88,2,2.77,clear sky
310,Faanui,PF,-16.4833,-151.75,78.73,71,99,15.57,overcast clouds
311,Altay,CN,47.8667,88.1167,32.97,93,100,7.36,light snow
312,Husavik,IS,66.0449,-17.3389,33.71,99,100,21.47,moderate rain
313,Smoky Lake,CA,54.1169,-112.4686,42.49,35,0,8.05,clear sky
314,Ures,MX,29.4333,-110.4,89.53,20,91,11.45,overcast clouds
315,Fairview,US,40.8126,-73.999,63.63,71,75,6.91,broken clouds
316,Puerto Del Rosario,ES,28.5004,-13.8627,71.35,83,75,13.8,broken clouds
317,Kalmunai,LK,7.4167,81.8167,78.24,88,67,6.29,broken clouds
318,Saint-Georges,GD,12.0564,-61.7485,80.28,83,20,9.22,few clouds
319,Bulawayo,ZW,-20.15,28.5833,70.81,55,2,12.08,clear sky
320,Garmsar,IR,35.2182,52.3409,64.47,47,91,2.53,overcast clouds
321,Richards Bay,ZA,-28.783,32.0377,64.17,89,1,5.12,clear sky
322,Ayame,CI,5.6083,-3.1563,74.88,94,100,4.56,moderate rain
323,Nizhniy Tsasuchey,RU,50.5167,115.1333,25.99,86,14,7.27,few clouds
324,Sarany,RU,58.5,58.8833,35.69,98,100,9.1,overcast clouds
325,Flinders,AU,-34.5833,150.8552,69.06,68,93,1.99,overcast clouds
326,Chulym,RU,55.0997,80.9572,18.45,95,49,8.03,scattered clouds
327,Los Llanos De Aridane,ES,28.6585,-17.9182,67.12,56,0,7.0,clear sky
328,Yamada,JP,39.4667,141.95,53.33,79,21,4.09,few clouds
329,Shirokiy,RU,49.758,129.523,23.05,43,18,0.85,few clouds
330,Yulara,AU,-25.2406,130.9889,66.04,77,99,4.61,overcast clouds
331,Zolochiv,UA,49.806,24.8944,41.49,70,0,15.46,clear sky
332,Port Lincoln,AU,-34.7333,135.8667,63.72,48,0,9.31,clear sky
333,Vyazemskiy,RU,47.5378,134.7525,28.33,64,0,2.68,clear sky
334,Bardiyah,LY,31.7561,25.0865,68.67,73,19,30.31,few clouds
335,Port-Gentil,GA,-0.7193,8.7815,78.76,89,75,12.66,light rain
336,Palamos,ES,41.8484,3.1291,67.21,57,100,4.72,overcast clouds
337,Asau,RO,46.4333,26.4,43.72,92,0,2.55,clear sky
338,Karoi,ZW,-16.8099,29.6925,71.74,43,15,4.76,few clouds
339,Fairbanks,US,64.8378,-147.7164,43.14,51,90,10.36,overcast clouds
340,Murgab,TM,37.4966,61.9714,44.47,70,0,0.0,clear sky
341,Mocuba,MZ,-16.8392,36.9856,72.63,93,26,3.29,scattered clouds
342,Amli,IN,20.2833,73.0167,72.03,48,15,4.83,few clouds
343,Tabou,CI,4.423,-7.3528,77.14,89,36,8.66,moderate rain
344,Goderich,CA,43.7501,-81.7165,53.92,71,36,14.97,scattered clouds
345,Seoul,KR,37.5683,126.9778,51.24,100,20,1.14,fog
346,Ugoofaaru,MV,5.6667,73.0,81.46,76,100,17.67,overcast clouds
347,Lazarev,RU,52.225,141.5131,27.43,64,2,6.22,clear sky
348,Tuatapere,NZ,-46.1333,167.6833,56.73,61,83,9.57,broken clouds
349,Cangucu,BR,-31.395,-52.6756,68.45,86,38,7.72,scattered clouds
350,Norrtalje,SE,59.758,18.705,47.01,94,53,4.47,broken clouds
351,Plettenberg Bay,ZA,-34.0527,23.3716,63.54,85,95,9.73,overcast clouds
352,Aykhal,RU,66.0,111.5,6.51,93,100,21.54,overcast clouds
353,Bambous Virieux,MU,-20.3428,57.7575,71.85,83,40,3.44,scattered clouds
354,San Martin Jilotepeque,GT,14.7878,-90.7925,66.18,87,92,3.62,overcast clouds
355,Tomatlan,MX,19.9333,-105.25,84.65,65,12,5.93,few clouds
356,Ardmore,US,34.1743,-97.1436,73.65,44,1,5.01,clear sky
357,El Cobre,CU,20.0489,-75.9469,81.84,74,40,2.3,scattered clouds
358,Kapuskasing,CA,49.4169,-82.4331,37.49,93,90,14.97,moderate rain
359,Road Town,VG,18.4167,-64.6167,82.49,74,40,5.75,scattered clouds
360,Praia,CV,14.9215,-23.5087,77.54,94,75,10.36,broken clouds
361,Greenwood,US,34.1668,-82.1165,67.44,65,1,4.61,clear sky
362,Albania,AL,41.0,20.0,43.99,61,0,4.23,clear sky
363,Mangrol,IN,21.1167,70.1167,75.96,47,21,6.2,few clouds
364,Berga,NO,60.392,5.328,53.87,58,75,9.22,light rain
365,Arkhangelsk,RU,64.5401,40.5433,35.71,93,90,8.95,mist
366,Chirongui,YT,-12.9319,45.1483,78.73,78,2,10.36,clear sky
367,Okha,RU,53.5739,142.9478,23.67,73,74,3.69,broken clouds
368,Beckley,US,37.7782,-81.1882,51.71,86,90,1.01,overcast clouds
369,Srednekolymsk,RU,67.45,153.6833,-8.79,100,96,6.64,overcast clouds
370,Atar,MR,20.5169,-13.0499,84.16,17,2,7.31,clear sky
371,Victoria,HK,22.2855,114.1577,75.38,83,89,1.01,overcast clouds
372,Isangel,VU,-19.55,169.2667,78.8,71,57,8.81,broken clouds
373,Saint George,US,37.1041,-113.5841,79.95,26,1,1.01,clear sky
374,Beatrice,US,40.2681,-96.747,49.98,46,90,11.5,overcast clouds
375,Ulkan,RU,57.243,107.3223,32.72,90,90,6.08,overcast clouds
376,Nizhnevartovsk,RU,60.9344,76.5531,-0.38,92,0,2.24,clear sky
377,Ciudad Real,ES,39.0,-4.0,65.14,91,100,4.0,overcast clouds
378,Batagay-Alyta,RU,67.8006,130.4114,0.77,89,99,2.53,overcast clouds
379,Wanning,CN,18.8003,110.3967,75.85,91,86,6.67,light rain
380,San Quintin,MX,30.4833,-115.95,67.14,68,0,11.95,clear sky
381,Haicheng,CN,40.8516,122.7475,31.84,68,0,5.48,clear sky
382,Telfs,AT,47.3,11.0667,51.96,84,13,6.67,few clouds
383,Dukat,RU,62.55,155.55,-16.92,99,89,4.65,overcast clouds
384,Saryagash,KZ,41.4511,69.1701,44.56,60,6,3.67,clear sky
385,Gushikawa,JP,26.3544,127.8686,70.83,94,1,0.0,clear sky
386,Caravelas,BR,-17.7125,-39.2481,75.42,81,93,8.25,overcast clouds
387,Topchikha,RU,52.8192,83.1185,25.38,78,100,14.9,overcast clouds
388,Fallon,US,39.4735,-118.7774,68.45,34,40,5.75,scattered clouds
389,Knyaze-Volkonskoye,RU,48.4642,135.4567,23.34,60,0,2.01,clear sky
390,Chandrakona,IN,22.7333,87.5167,68.88,67,25,4.63,scattered clouds
391,Beyneu,KZ,45.3167,55.2,48.85,65,0,6.67,clear sky
392,Alofi,NU,-19.0595,-169.9187,75.09,88,48,13.8,light rain
393,Guerrero Negro,MX,27.9769,-114.0611,71.42,60,100,13.18,overcast clouds
394,Ouango,CF,4.3133,22.5552,69.71,96,86,1.05,light rain
395,Mineros,BO,-17.1167,-63.2333,90.99,39,81,2.33,broken clouds
396,Oksbol,DK,55.6268,8.2876,57.49,93,100,25.66,heavy intensity rain
397,Avera,US,33.194,-82.5271,66.88,58,16,7.16,few clouds
398,Vostok,RU,46.4856,135.8833,26.62,95,13,1.66,few clouds
399,Hambantota,LK,6.1241,81.1185,77.9,88,44,5.12,scattered clouds
400,Tarko-Sale,RU,64.9225,77.785,2.01,94,92,13.22,overcast clouds
401,Obera,AR,-27.4871,-55.1199,74.32,73,90,2.04,overcast clouds
402,Huntsville,US,34.7304,-86.5861,66.4,68,75,1.01,broken clouds
403,Teguise,ES,29.0605,-13.564,66.42,78,0,11.5,clear sky
404,Coro,VE,11.4045,-69.6734,80.76,81,98,14.0,overcast clouds
405,Solikamsk,RU,59.6196,56.7729,37.58,97,100,7.92,overcast clouds
406,Taltal,CL,-25.4,-70.4833,63.43,72,19,2.84,few clouds
407,Mathbaria,BD,22.2876,89.9593,67.23,73,10,5.91,clear sky
408,Tura,IN,25.5198,90.2201,60.12,72,0,3.33,clear sky
409,Shitanjing,CN,39.2342,106.3439,38.43,51,5,5.12,clear sky
410,Bijie,CN,27.3125,105.2942,48.83,97,100,3.06,overcast clouds
411,Amparafaravola,MG,-17.5833,48.2167,65.66,92,63,2.06,broken clouds
412,Los Corrales De Buelna,ES,43.2636,-4.0726,56.95,96,100,1.01,overcast clouds
413,Hagerstown,US,39.6418,-77.72,59.92,75,90,4.0,overcast clouds
414,Ketchikan,US,55.3422,-131.6461,48.18,67,90,2.13,overcast clouds
415,Rajapur,IN,25.3833,81.15,67.05,46,0,1.05,clear sky
416,Praia Da Vitoria,PT,38.7333,-27.0667,70.05,94,40,1.43,scattered clouds
417,Samur,RU,41.8253,48.486,53.08,88,62,6.58,broken clouds
418,Pundaguitan,PH,6.3711,126.1689,81.88,76,98,6.4,overcast clouds
419,Ndola,ZM,-12.9587,28.6366,70.63,42,48,3.0,scattered clouds
420,Eastlake,US,41.6539,-81.4504,57.07,77,90,5.01,overcast clouds
421,Sembe,CG,1.6481,14.5806,69.57,99,100,2.26,light rain
422,Honningsvag,NO,70.9821,25.9704,33.33,80,67,18.25,broken clouds
423,Buloh Kasap,MY,2.5536,102.764,76.91,98,90,2.82,overcast clouds
424,Meihekou,CN,42.5272,125.6753,34.77,79,98,5.01,overcast clouds
425,Ventspils,LV,57.3894,21.5606,49.93,93,90,2.3,overcast clouds
426,Kutum,SD,14.2,24.6667,76.69,21,67,13.56,broken clouds
427,Jiblah,YE,13.9216,44.1467,57.58,75,4,2.68,clear sky
428,Kudahuvadhoo,MV,2.6708,72.8944,82.31,77,36,20.36,scattered clouds
429,Mumford,GH,5.2618,-0.759,79.29,87,99,13.67,light rain
430,Walvis Bay,NA,-22.9575,14.5053,61.09,88,0,3.44,clear sky
431,San Cristobal,VE,7.7669,-72.225,73.58,98,67,1.79,broken clouds
432,Comodoro Rivadavia,AR,-45.8667,-67.5,48.06,71,75,14.97,broken clouds
433,Abu Samrah,SY,35.3029,37.1841,67.24,58,91,13.02,overcast clouds
434,Okato,NZ,-39.2,173.8833,58.42,62,95,12.06,overcast clouds
435,Oriximina,BR,-1.7656,-55.8661,81.41,70,78,1.95,broken clouds
436,Mayumba,GA,-3.432,10.6554,77.05,88,98,7.78,overcast clouds
437,Touros,BR,-5.1989,-35.4608,81.5,75,62,16.17,broken clouds
438,Hasaki,JP,35.7333,140.8333,57.6,81,100,8.01,overcast clouds
439,Hamilton,US,39.1834,-84.5333,61.0,72,90,3.0,overcast clouds
440,Havelock,US,34.8791,-76.9013,69.78,75,1,8.05,clear sky
441,Bosanska Dubica,BA,45.1767,16.8094,37.51,84,1,2.89,clear sky
442,Inzer,RU,54.2167,57.5556,43.66,93,99,5.41,overcast clouds
443,Konibodom,TJ,40.2843,70.4426,40.77,65,5,1.01,clear sky
444,Amuntai,ID,-2.4177,115.2494,73.51,95,100,1.45,overcast clouds
445,Itupiranga,BR,-5.1347,-49.3267,81.3,66,74,2.84,broken clouds
446,Ola,RU,59.5833,151.2833,11.53,53,4,8.46,clear sky
447,Pringsewu,ID,-5.3582,104.9744,74.26,95,94,1.23,overcast clouds
448,Rehoboth,NA,-23.3167,17.0833,64.06,24,0,10.83,clear sky
449,Channel-Port Aux Basques,CA,47.5702,-59.1367,50.63,93,100,26.42,overcast clouds
450,Esperance,AU,-33.8667,121.9,62.44,51,100,13.53,overcast clouds
451,Hadgaon,IN,19.5,77.6667,63.7,68,5,3.65,clear sky
452,Kosonsoy,UZ,41.2561,71.5508,42.85,56,7,5.73,clear sky
453,Mareeba,AU,-17.0,145.4333,82.44,70,92,9.95,overcast clouds
454,Tinskoy,RU,56.1525,96.9161,36.21,73,100,7.05,overcast clouds
455,Namatanai,PG,-3.6667,152.4333,83.21,72,59,7.81,light rain
456,Kisangani,CD,0.5167,25.2,70.63,100,100,1.28,light rain
457,Kibuye,RW,-2.0597,29.3482,65.57,84,100,1.39,light rain
458,Carlsbad,US,33.1581,-117.3506,78.1,71,1,3.0,clear sky
459,Vallenar,CL,-28.5708,-70.7581,70.72,40,66,7.02,broken clouds
460,Ryotsu,JP,38.0833,138.4333,55.36,73,64,5.35,broken clouds
461,Santa Cruz De La Palma,ES,28.6835,-17.7642,71.13,77,0,9.22,clear sky
462,Yurgamysh,RU,55.3714,64.4656,42.21,88,100,12.93,overcast clouds
463,Golden,US,39.7555,-105.2211,53.42,70,90,5.75,overcast clouds
464,Senador Guiomard,BR,-10.1522,-67.7392,87.55,47,95,2.59,overcast clouds
465,San Pedro,PH,14.35,121.0167,77.36,91,90,4.61,overcast clouds
466,Apastepeque,SV,13.6667,-88.7833,80.85,87,77,3.6,broken clouds
467,Yichun,CN,47.7,128.9,23.76,39,0,0.51,clear sky
468,Areia Branca,BR,-4.9561,-37.1369,82.6,80,23,22.82,few clouds
469,Baykit,RU,61.67,96.37,19.6,96,100,2.64,light snow
470,Acajutla,SV,13.5928,-89.8275,91.74,74,75,5.46,broken clouds
471,Pangnirtung,CA,66.1451,-65.7125,25.92,96,100,5.1,light snow
472,Amahai,ID,-3.3333,128.9167,80.67,77,100,1.32,overcast clouds
473,Beloha,MG,-25.1667,45.05,71.92,76,88,3.78,light rain
474,Knysna,ZA,-34.0363,23.0471,62.98,90,100,9.22,overcast clouds
475,Bogorodskoye,RU,56.55,37.8833,39.67,86,6,9.13,clear sky
476,Little Current,CA,45.9793,-81.9248,51.85,89,56,25.43,light rain
477,Elat,IL,29.5581,34.9482,75.04,53,7,0.0,clear sky
478,Sulecin,PL,52.4443,15.1168,50.72,74,10,7.14,clear sky
479,Devonport,AU,-41.1667,146.35,57.09,56,57,9.66,broken clouds
480,Pacific Grove,US,36.6177,-121.9166,69.62,72,1,1.99,clear sky
481,Ouadda,CF,8.0777,22.4007,69.35,56,56,0.96,broken clouds
482,Taoudenni,ML,22.6783,-3.9836,81.32,18,0,11.3,clear sky
483,Lasa,IT,46.6166,10.7002,50.74,98,100,3.76,overcast clouds
484,Yafran,LY,32.0633,12.5286,67.78,31,8,11.14,clear sky
485,Atambua,ID,-9.1061,124.8925,79.16,71,66,1.68,broken clouds
486,Dumabato,PH,16.3167,121.7,71.56,93,88,2.84,overcast clouds
487,Meulaboh,ID,4.1363,96.1285,75.38,88,100,4.83,light rain
488,Nizhniy Kuranakh,RU,58.8353,125.4869,22.21,92,100,3.65,overcast clouds
489,Pangkalanbuun,ID,-2.6833,111.6167,74.41,97,98,0.58,light rain
490,College,US,64.8569,-147.8028,46.35,48,75,14.97,broken clouds
491,Kaohsiung,TW,22.6163,120.3133,75.04,88,40,1.01,scattered clouds
492,Hobyo,SO,5.3505,48.5268,80.22,73,16,13.65,few clouds
493,Davenport,US,41.5236,-90.5776,52.07,48,1,11.01,clear sky
494,Sukumo,JP,32.9333,132.7333,62.28,85,59,3.69,broken clouds
495,Litovko,RU,49.2361,135.1742,28.78,59,0,0.85,clear sky
496,Aleksandrovskoye,RU,44.7142,43.0008,46.54,98,100,9.93,overcast clouds
497,Redmond,US,47.674,-122.1215,63.88,46,0,1.01,clear sky
498,Aksu,CN,41.1231,80.2644,43.9,36,0,5.75,clear sky
499,Upata,VE,8.0086,-62.3989,71.51,92,99,2.3,overcast clouds
500,Maloy,NO,61.9353,5.1136,53.44,71,100,10.6,overcast clouds
501,Aberdeen,GB,57.1437,-2.0981,45.5,93,35,4.61,scattered clouds
502,Vila Velha,BR,-20.3297,-40.2925,71.55,94,90,4.61,light rain
503,Nhulunbuy,AU,-12.2333,136.7667,84.81,84,73,5.75,broken clouds
504,Thung Song,TH,8.1645,99.6804,81.45,92,66,2.01,broken clouds
505,Petropavlovka,RU,50.6114,105.3196,31.8,73,100,2.08,overcast clouds
506,Loukhi,RU,66.0764,33.0381,36.0,100,100,8.57,overcast clouds
507,Merced,US,37.1666,-120.7516,72.05,34,95,1.01,overcast clouds
508,Diamantino,BR,-14.4086,-56.4461,76.66,82,93,3.58,overcast clouds
509,Vao,NC,-22.6667,167.4833,71.82,68,8,12.41,clear sky
510,Boras,SE,57.721,12.9401,50.54,93,100,12.15,overcast clouds
511,Riverton,US,40.5219,-111.9391,69.71,40,40,3.0,scattered clouds
512,Amga,RU,60.8953,131.9608,18.34,94,100,5.57,light snow
513,Bonavista,CA,48.6499,-53.1147,45.12,93,60,14.81,broken clouds
514,Asyut,EG,27.181,31.1837,77.18,37,8,8.05,clear sky
515,Grand Gaube,MU,-20.0064,57.6608,72.0,81,7,1.99,clear sky
516,Handia,IN,25.3833,82.1833,65.95,52,0,2.13,clear sky
517,Parakou,BJ,9.3372,2.6303,75.43,67,87,2.95,overcast clouds
518,Teya,RU,60.3778,92.6267,21.88,95,100,3.47,light snow
519,Sabha,LY,27.0377,14.4283,67.78,26,5,2.55,clear sky
520,Barberton,ZA,-25.7884,31.0532,60.85,85,0,2.26,clear sky
521,Nuristan,AF,35.3,70.8333,21.96,55,78,11.95,broken clouds
522,Sakakah,SA,29.9697,40.2064,78.37,28,88,6.85,overcast clouds
523,Sergeyevka,KZ,53.88,67.4158,41.02,95,100,11.59,overcast clouds
524,Faya,SA,18.3851,42.4509,57.72,53,3,4.59,clear sky
525,Sungairaya,ID,0.7,108.9,78.57,87,100,5.19,overcast clouds
526,Kurashiki,JP,34.5833,133.7667,59.36,78,100,1.36,overcast clouds
527,Barbatesti,RO,45.1833,24.1167,35.49,72,100,2.3,overcast clouds
528,Monrovia,LR,6.3005,-10.7969,78.57,87,97,3.51,moderate rain
529,Kavaratti,IN,10.5669,72.642,81.09,79,97,5.95,overcast clouds
530,Machaneng,BW,-23.1862,27.4886,72.57,50,0,7.34,clear sky
531,Altagracia De Orituco,VE,9.8601,-66.3814,72.66,91,84,4.18,broken clouds
532,La Palma Del Condado,ES,37.3861,-6.5523,69.06,96,83,9.64,broken clouds
533,Dongsheng,CN,39.8161,109.9776,32.14,49,0,4.72,clear sky
534,Goya,AR,-29.14,-59.2626,85.86,35,56,6.67,broken clouds
535,Atikokan,CA,48.7555,-91.6216,35.06,76,99,9.37,overcast clouds
536,Tevriz,RU,57.509,72.4042,22.53,91,100,4.03,overcast clouds
537,Shushenskoye,RU,53.325,91.9356,35.64,61,84,18.7,broken clouds
538,Menongue,AO,-14.6585,17.691,64.38,84,95,6.69,overcast clouds
539,Mildura,AU,-34.2,142.15,64.36,32,100,5.75,overcast clouds
540,Datong,CN,40.0936,113.2914,35.94,57,2,1.88,clear sky
541,Sept-Iles,CA,50.2001,-66.3821,47.25,96,90,11.01,mist
542,Viesca,MX,25.35,-102.8,84.18,13,2,4.52,clear sky
543,Mineiros,BR,-17.5694,-52.5511,68.88,88,68,3.89,broken clouds
544,Leavenworth,US,39.2333,-95.0336,55.54,51,38,1.99,scattered clouds
545,Guamuchil,MX,25.4667,-108.1,91.74,43,23,10.25,few clouds
546,Waingapu,ID,-9.6567,120.2641,81.54,78,89,3.67,overcast clouds
547,Nuevo Progreso,MX,23.1667,-97.95,83.59,56,93,7.0,overcast clouds
548,Salani,IN,29.957,79.7127,50.77,62,0,4.21,clear sky
549,Komsomolskiy,UZ,40.4272,71.7189,39.92,81,1,2.3,clear sky
550,Santa Rosa,PH,14.3122,121.1114,78.12,89,37,10.36,scattered clouds
551,Ushumun,RU,52.7833,126.5333,23.97,52,31,5.01,scattered clouds
552,Banjar,ID,-8.19,114.9675,76.91,84,99,2.17,overcast clouds
553,Skibbereen,IE,51.55,-9.2667,48.0,69,90,19.35,overcast clouds
554,Dryden,CA,49.7833,-92.7503,35.89,87,90,4.61,overcast clouds
555,Bosaso,SO,11.2842,49.1816,79.77,73,24,7.74,few clouds
556,Gravdal,NO,68.1214,13.5031,45.79,85,100,14.67,overcast clouds
557,Koumac,NC,-20.5667,164.2833,77.77,59,25,11.43,scattered clouds
558,Puerto Colombia,CO,10.9878,-74.9547,73.49,78,100,4.14,overcast clouds
559,Sisimiut,GL,66.9395,-53.6735,35.19,93,83,24.63,light rain
560,Amnat Charoen,TH,15.9167,104.75,71.02,95,95,8.5,overcast clouds
561,Inuvik,CA,68.3499,-133.7218,36.36,67,75,8.05,broken clouds
562,Panguna,PG,-6.3164,155.4848,79.97,66,89,2.75,overcast clouds
563,Rocha,UY,-34.4833,-54.3333,63.36,98,93,6.24,light rain
564,Mehamn,NO,71.0357,27.8492,33.75,80,20,10.36,few clouds
565,Oranjemund,NA,-28.55,16.4333,61.75,78,100,7.27,overcast clouds
566,Zhigansk,RU,66.7697,123.3711,2.12,95,63,11.27,broken clouds
567,Waddan,LY,29.1614,16.139,70.7,34,84,4.85,broken clouds
568,Tessalit,ML,20.1986,1.0114,83.43,15,12,7.7,few clouds
569,Lhokseumawe,ID,5.1801,97.1507,76.73,85,100,2.75,overcast clouds
570,Udachnyy,RU,66.4167,112.4,4.12,88,65,14.16,broken clouds
571,Micheweni,TZ,-4.9667,39.8333,78.64,83,10,10.56,clear sky
572,Ustupo,PA,9.1333,-77.9333,78.48,87,99,4.9,overcast clouds
573,Nemuro,JP,43.3236,145.575,50.95,69,10,8.72,clear sky
574,Doha,QA,25.2867,51.5333,78.78,78,0,8.05,clear sky
575,Coihaique,CL,-45.5752,-72.0662,71.55,28,0,0.0,clear sky
576,Seymchan,RU,62.8833,152.4333,-4.11,91,34,2.89,scattered clouds
577,Abu Kamal,SY,34.4506,40.9171,72.14,50,99,13.85,overcast clouds
578,Huarmey,PE,-10.0681,-78.1522,66.51,78,12,9.55,few clouds
579,Tazovskiy,RU,67.4667,78.7,-2.72,97,67,9.53,broken clouds
580,Kamenka,RU,51.3223,42.7678,41.34,67,1,5.66,clear sky
581,Kohtla-Jarve,EE,59.3986,27.2731,45.5,87,74,10.16,broken clouds
582,Maues,BR,-3.3836,-57.7186,80.04,72,74,2.21,broken clouds
583,Qaqortoq,GL,60.7167,-46.0333,27.1,70,62,6.64,broken clouds
584,Kiruna,SE,67.8557,20.2251,27.52,100,90,0.0,fog
585,Semikarakorsk,RU,47.5194,40.8112,49.01,91,0,8.9,clear sky
586,Ponta Delgada,PT,37.7333,-25.6667,73.51,94,75,9.22,mist
587,Naryan-Mar,RU,67.6713,53.087,8.78,90,5,7.23,clear sky
588,Jalu,LY,29.0331,21.5482,65.95,78,63,7.54,broken clouds
589,Tigre,AR,-34.426,-58.5796,67.95,72,90,10.36,moderate rain
590,Yumen,CN,40.2833,97.2,38.91,33,11,9.69,few clouds
591,Mokhsogollokh,RU,61.4681,128.9203,25.59,90,99,8.63,overcast clouds
592,Noumea,NC,-22.2763,166.4572,76.98,99,28,8.59,scattered clouds
593,San,ML,13.3034,-4.8956,88.65,25,65,6.46,broken clouds
594,Kjopsvik,NO,68.097,16.3742,48.16,85,100,8.59,overcast clouds
595,Bud,US,39.447,-86.1758,58.42,76,2,12.97,clear sky
596,Victor Harbor,AU,-35.5667,138.6167,73.72,63,1,1.01,clear sky
597,Ylivieska,FI,64.0833,24.55,45.32,94,100,6.46,overcast clouds
598,High Level,CA,58.5169,-117.136,35.71,60,75,8.05,broken clouds
599,Valentin Gomez Farias,MX,28.2167,-106.5833,73.94,13,87,3.98,overcast clouds
600,Mayo,US,38.8876,-76.5119,63.48,66,19,7.0,few clouds
601,Marsaxlokk,MT,35.8419,14.5431,65.08,94,75,6.91,broken clouds
602,Novouzensk,RU,50.4592,48.1431,42.66,67,1,8.25,clear sky
603,Sao Joao Da Barra,BR,-21.6403,-41.0511,70.95,93,100,14.65,light rain
604,Vilcun,CL,-38.65,-72.2333,57.94,66,100,4.83,overcast clouds
605,Orlik,RU,52.5178,99.825,25.54,71,74,3.89,broken clouds
606,Wolfeboro,US,43.584,-71.2073,58.05,86,40,1.01,scattered clouds
607,Rameswaram,IN,9.2833,79.3,81.68,78,100,9.73,overcast clouds
608,Luderitz,NA,-26.6481,15.1594,61.05,77,65,5.95,broken clouds
609,Santa Cruz,BO,-17.8,-63.1667,89.06,55,75,9.22,broken clouds
610,Mpika,ZM,-11.8343,31.4529,70.61,37,65,4.7,broken clouds
611,Riyadh,SA,24.6877,46.7219,68.14,26,0,5.64,clear sky
612,Sorso,IT,40.8,8.5772,64.89,92,98,4.18,overcast clouds
613,Brazzaville,CG,-4.2658,15.2832,80.91,78,100,4.61,overcast clouds
614,Aguimes,ES,27.9054,-15.4461,67.01,78,20,19.57,few clouds
615,Melbu,NO,68.5044,14.8297,48.31,81,75,16.11,light rain
616,Miyako,JP,39.6367,141.9525,57.07,71,28,2.84,scattered clouds
617,Mayuge,UG,0.4597,33.4803,65.53,87,62,3.24,broken clouds
618,Mackay,AU,-21.15,149.2,78.78,78,75,21.85,broken clouds
619,Huambo,AO,-12.7761,15.7392,60.37,88,70,4.34,broken clouds
620,Toropets,RU,56.4978,31.6353,40.1,86,0,6.8,clear sky
621,Roald,NO,62.5833,6.1333,49.33,81,0,6.91,clear sky
622,Raga,SS,8.4596,25.678,75.74,66,45,2.89,scattered clouds
623,Severnyy,RU,50.677,36.5532,39.24,81,0,4.47,clear sky
624,Tomohon,ID,1.3346,124.8392,65.34,78,100,1.23,overcast clouds
625,Mitsamiouli,KM,-11.3847,43.2844,78.33,79,9,11.12,clear sky
626,Ginda,IN,30.6945,78.4932,46.83,39,0,6.15,clear sky
627,Svatove,UA,49.4103,38.1503,40.28,84,0,6.89,clear sky
628,Liusha,CN,27.2098,108.59,52.47,95,100,2.95,overcast clouds
629,Paamiut,GL,61.994,-49.6678,31.44,77,92,7.67,overcast clouds
630,Wamba,NG,8.9333,8.6,74.43,74,90,3.76,overcast clouds
631,Fort Nelson,CA,58.8053,-122.7002,35.19,44,40,0.0,scattered clouds
632,Ciudad Bolivar,VE,8.1222,-63.5497,79.45,76,95,6.71,overcast clouds
633,Izhma,RU,65.0083,53.9113,15.35,97,86,4.83,overcast clouds
634,Sovetsk,RU,55.0839,21.8785,46.83,76,72,7.61,broken clouds
635,Okhotsk,RU,59.3833,143.3,8.46,71,4,14.45,clear sky
636,Christchurch,NZ,-43.5333,172.6333,62.33,59,53,5.01,broken clouds
637,Formosa Do Rio Preto,BR,-11.0483,-45.1931,79.83,45,97,1.1,overcast clouds
638,Sarakhs,IR,36.5449,61.1577,46.85,67,18,2.77,few clouds
639,Brigantine,US,39.4101,-74.3646,63.0,78,90,11.5,overcast clouds
640,Vechta,DE,52.7167,8.2833,59.49,88,100,1.99,light rain
641,Kozhevnikovo,RU,56.2589,83.9714,20.25,85,98,8.55,overcast clouds
642,Arslev,DK,55.3035,10.4643,56.79,77,100,24.81,heavy intensity rain
643,Kundiawa,PG,-6.0167,144.9667,74.14,65,97,1.39,overcast clouds
644,Russell,US,32.3502,-85.1999,65.8,66,1,8.05,clear sky
645,Chimbote,PE,-9.0853,-78.5783,65.12,80,14,7.25,few clouds
646,Algiers,DZ,36.7525,3.042,73.22,60,20,8.05,few clouds
647,La Ronge,CA,55.1001,-105.2842,32.25,64,75,9.22,broken clouds
648,Macau,MO,22.2006,113.5461,76.06,83,40,6.91,scattered clouds
649,Awash,ET,8.9833,40.1667,67.93,79,22,2.44,light rain
650,Nantucket,US,41.2835,-70.0995,60.94,85,1,13.8,clear sky
651,North Bend,US,43.4065,-124.2243,59.92,94,90,8.05,overcast clouds
652,Saint Anthony,US,45.0205,-93.218,44.62,50,90,3.0,overcast clouds
653,Cukai,MY,4.25,103.4167,77.0,93,97,5.35,overcast clouds
654,Wasilla,US,61.5814,-149.4394,44.94,78,20,7.0,light rain
655,Masyaf,SY,35.0653,36.3406,68.05,67,73,5.21,broken clouds
656,Egvekinot,RU,66.3167,-179.1667,1.56,83,98,7.11,overcast clouds
657,Ust-Ilimsk,RU,58.0006,102.6619,30.06,92,100,4.54,overcast clouds
658,Maymyo,MM,22.0333,96.4667,61.38,94,14,2.77,few clouds
659,Akdepe,TM,42.0551,59.3788,37.49,48,0,6.91,clear sky
660,Port Hedland,AU,-20.3167,118.5667,71.65,83,75,4.61,broken clouds
661,Belogorsk,RU,50.9158,128.4611,25.03,41,22,6.44,few clouds
662,Peace River,CA,56.2501,-117.286,41.31,45,20,8.05,few clouds
663,Itauna,BR,-20.0753,-44.5764,63.95,97,100,3.6,moderate rain
664,Byron Bay,AU,-28.65,153.6167,69.69,55,100,7.47,overcast clouds
665,Ancud,CL,-41.8697,-73.8203,71.13,74,63,6.44,broken clouds
666,Port Keats,AU,-14.25,129.55,84.61,59,43,5.01,scattered clouds
667,Carauari,BR,-4.8828,-66.8958,80.01,75,94,1.74,light rain
668,Sao Gabriel Da Cachoeira,BR,-0.1303,-67.0892,77.81,85,76,2.19,broken clouds
669,Canton,CN,23.1167,113.25,71.01,75,97,4.36,overcast clouds
670,Buraydah,SA,26.326,43.975,70.25,30,43,9.8,scattered clouds
671,Zhigalovo,RU,54.8097,105.1578,27.57,91,99,3.91,overcast clouds
672,Pampas,PE,-12.4,-74.9,55.11,77,77,6.67,broken clouds
673,Abashiri,JP,44.0213,144.2697,48.94,88,79,7.7,broken clouds
674,Starkville,US,33.4504,-88.8184,69.46,66,1,0.0,clear sky
675,Khawhai,IN,23.3667,93.1167,53.33,98,77,1.1,broken clouds
